,Description
abdominal aortic aneurysm,asdasdasc s as d asd a ds das das asd asdaf dfsdfa fasd as dasd a
acne (pimples),asdasdasc s as d asd a ds das das asd asdaf dfsdfa fasd as dasd a
addison's disease,asdasdasc s as d asd a ds das das asd asdaf dfsdfa fasd as dasd a
adult adhd (attention deficit hyperactivity disorder),asdasdasc s as d asd a ds das das asd asdaf dfsdfa fasd as dasd a
alzheimer's disease,asdasdasc s as d asd a ds das das asd asdaf dfsdfa fasd as dasd a
anal cancer,asdasdasc s as d asd a ds das das asd asdaf dfsdfa fasd as dasd a
anaphylaxis,asdasdasc s as d asd a ds das das asd asdaf dfsdfa fasd as dasd a
anorexia nervosa,asdasdasc s as d asd a ds das das asd asdaf dfsdfa fasd as dasd a
appendicitis,asdasdasc s as d asd a ds das das asd asdaf dfsdfa fasd as dasd a
asthma,asdasdasc s as d asd a ds das das asd asdaf dfsdfa fasd as dasd a
atopic dermatitis,asdasdasc s as d asd a ds das das asd asdaf dfsdfa fasd as dasd a
bacterial vaginosis,asdasdasc s as d asd a ds das das asd asdaf dfsdfa fasd as dasd a
bile duct cancer (cholangiocarcinoma),asdasdasc s as d asd a ds das das asd asdaf dfsdfa fasd as dasd a
binge eating disorder,asdasdasc s as d asd a ds das das asd asdaf dfsdfa fasd as dasd a
"bird flu (avian influenza, avian flu)",asdasdasc s as d asd a ds das das asd asdaf dfsdfa fasd as dasd a
bladder cancer,asdasdasc s as d asd a ds das das asd asdaf dfsdfa fasd as dasd a
bone cancer,asdasdasc s as d asd a ds das das asd asdaf dfsdfa fasd as dasd a
brain aneurysm,asdasdasc s as d asd a ds das das asd asdaf dfsdfa fasd as dasd a
brain tumor,asdasdasc s as d asd a ds das das asd asdaf dfsdfa fasd as dasd a
bronchiectasis,asdasdasc s as d asd a ds das das asd asdaf dfsdfa fasd as dasd a
bronchitis,asdasdasc s as d asd a ds das das asd asdaf dfsdfa fasd as dasd a
bulimia,asdasdasc s as d asd a ds das das asd asdaf dfsdfa fasd as dasd a
bunions,asdasdasc s as d asd a ds das das asd asdaf dfsdfa fasd as dasd a
cervical cancer,asdasdasc s as d asd a ds das das asd asdaf dfsdfa fasd as dasd a
chickenpox (varicella),asdasdasc s as d asd a ds das das asd asdaf dfsdfa fasd as dasd a
cholera,asdasdasc s as d asd a ds das das asd asdaf dfsdfa fasd as dasd a
chronic fatigue syndrome (cfs or seid),asdasdasc s as d asd a ds das das asd asdaf dfsdfa fasd as dasd a
chronic kidney failure,asdasdasc s as d asd a ds das das asd asdaf dfsdfa fasd as dasd a
cirrhosis,asdasdasc s as d asd a ds das das asd asdaf dfsdfa fasd as dasd a
colitis,asdasdasc s as d asd a ds das das asd asdaf dfsdfa fasd as dasd a
collapsed lung (pneumothorax),asdasdasc s as d asd a ds das das asd asdaf dfsdfa fasd as dasd a
creutzfeldt-jakob disease,asdasdasc s as d asd a ds das das asd asdaf dfsdfa fasd as dasd a
dengue fever,asdasdasc s as d asd a ds das das asd asdaf dfsdfa fasd as dasd a
depression mental,asdasdasc s as d asd a ds das das asd asdaf dfsdfa fasd as dasd a
diabetes,asdasdasc s as d asd a ds das das asd asdaf dfsdfa fasd as dasd a
diverticulosis,asdasdasc s as d asd a ds das das asd asdaf dfsdfa fasd as dasd a
ebola (ebola virus disease or ebola hemorrhagic fever),asdasdasc s as d asd a ds das das asd asdaf dfsdfa fasd as dasd a
epilepsy,asdasdasc s as d asd a ds das das asd asdaf dfsdfa fasd as dasd a
"erectile dysfunction (ed, impotence)",asdasdasc s as d asd a ds das das asd asdaf dfsdfa fasd as dasd a
gout,asdasdasc s as d asd a ds das das asd asdaf dfsdfa fasd as dasd a
hashimoto's thyroiditis,asdasdasc s as d asd a ds das das asd asdaf dfsdfa fasd as dasd a
heartburn,asdasdasc s as d asd a ds das das asd asdaf dfsdfa fasd as dasd a
hepatitis a,asdasdasc s as d asd a ds das das asd asdaf dfsdfa fasd as dasd a
hepatitis b,asdasdasc s as d asd a ds das das asd asdaf dfsdfa fasd as dasd a
"hepatitis c (hcv, hep c)",asdasdasc s as d asd a ds das das asd asdaf dfsdfa fasd as dasd a
herpes simplex infections (non-genital),asdasdasc s as d asd a ds das das asd asdaf dfsdfa fasd as dasd a
hiv/aids,asdasdasc s as d asd a ds das das asd asdaf dfsdfa fasd as dasd a
hives (urticaria & angioedema),asdasdasc s as d asd a ds das das asd asdaf dfsdfa fasd as dasd a
hypertensive disease,asdasdasc s as d asd a ds das das asd asdaf dfsdfa fasd as dasd a
inflammatory breast cancer,asdasdasc s as d asd a ds das das asd asdaf dfsdfa fasd as dasd a
kawasaki disease,asdasdasc s as d asd a ds das das asd asdaf dfsdfa fasd as dasd a
kidney stones (nephrolithiasis),asdasdasc s as d asd a ds das das asd asdaf dfsdfa fasd as dasd a
leukemia,asdasdasc s as d asd a ds das das asd asdaf dfsdfa fasd as dasd a
lung cancer,asdasdasc s as d asd a ds das das asd asdaf dfsdfa fasd as dasd a
lupus,asdasdasc s as d asd a ds das das asd asdaf dfsdfa fasd as dasd a
malaria,asdasdasc s as d asd a ds das das asd asdaf dfsdfa fasd as dasd a
obesity,asdasdasc s as d asd a ds das das asd asdaf dfsdfa fasd as dasd a
obsessive compulsive disorder (ocd),asdasdasc s as d asd a ds das das asd asdaf dfsdfa fasd as dasd a
osteoarthritis (oa),asdasdasc s as d asd a ds das das asd asdaf dfsdfa fasd as dasd a
ovarian cancer,asdasdasc s as d asd a ds das das asd asdaf dfsdfa fasd as dasd a
polymyalgia rheumatica,asdasdasc s as d asd a ds das das asd asdaf dfsdfa fasd as dasd a
rabies,asdasdasc s as d asd a ds das das asd asdaf dfsdfa fasd as dasd a
rheumatic fever,asdasdasc s as d asd a ds das das asd asdaf dfsdfa fasd as dasd a
spondylosis,asdasdasc s as d asd a ds das das asd asdaf dfsdfa fasd as dasd a
stomach flu,asdasdasc s as d asd a ds das das asd asdaf dfsdfa fasd as dasd a
swine flu,asdasdasc s as d asd a ds das das asd asdaf dfsdfa fasd as dasd a
trichomoniasis,asdasdasc s as d asd a ds das das asd asdaf dfsdfa fasd as dasd a
tuberculosis (tb),asdasdasc s as d asd a ds das das asd asdaf dfsdfa fasd as dasd a
yellow fever,asdasdasc s as d asd a ds das das asd asdaf dfsdfa fasd as dasd a
